{
  "cluster_sizes": {
    "0": 39,
    "1": 51,
    "2": 77
  },
  "representative_countries": {
    "0": "Iceland",
    "1": "Tanzania",
    "2": "Suriname"
  },
  "top_features_zscore": {
    "0": {
      "gdpp": 1.670127137563108,
      "income": 1.5724648929180884,
      "life_expec": 1.0641858065279066,
      "child_mort": 0.8330818308092524,
      "total_fer": 0.750002688615751,
      "health": 0.6087066767632782,
      "inflation": 0.5620232353755927,
      "exports": 0.5566060675171294,
      "imports": 0.02231960838562827
    },
    "1": {
      "child_mort": 1.3127008087088423,
      "total_fer": 1.248032742049059,
      "life_expec": 1.2265115990928541,
      "income": 0.7922942332226952,
      "gdpp": 0.7326661683115167,
      "exports": 0.5517677426868969,
      "inflation": 0.48341865094632447,
      "imports": 0.21941985840474723,
      "health": 0.21246881339245696
    },
    "2": {
      "child_mort": 0.44750064730636524,
      "total_fer": 0.4467475972530862,
      "gdpp": 0.3606361530009592,
      "life_expec": 0.2733616246642498,
      "income": 0.2716769471356882,
      "health": 0.16757988195782497,
      "imports": 0.1340252993714624,
      "exports": 0.08353919797225631,
      "inflation": 0.035525259982005536
    }
  }
}